{
    "log": {
        "path": "log/",
        "internal": {
            "loglevel": "DEBUG",
            "file": "internal.log",
            "console": true
        },
        "core": {
            "loglevel": "DEBUG",
            "file": "core.log",
            "console": true
        },
        "network": {
            "loglevel": "DEBUG",
            "file": "network.log",
            "console": true
        },
        "dns": {
            "loglevel": "SILENT",
            "file": "dns.log",
            "console": false
        }
    },
    "dns": {},
    "misc": {
        "workers": 1,
        "ram-profile": "client",
        "libs-path": "libs/"
    },
    "configs": [
        "config_kharej.json"
    ]
}
